2018,原创,比宇宙更远的地方,176.3万追番
2018,原创,多田君不恋爱,132.8万追番
2018,原创,One Room 第二季,122.2万追番
2018,原创,天狼 Sirius the Jaeger,121.2万追番
2018,原创,少女☆歌剧 Revue Starlight,91.8万追番
2018,原创,刀使巫女,78.3万追番
2018,原创,剧场版 K Seven Stories,75万追番
2018,原创,假面骑士时王,51.4万追番
2018,原创,三丽鸥男子,47.9万追番
2018,原创,重神机潘多拉,43.8万追番
2018,原创,LOST SONG 失落的歌谣,41.8万追番
2018,原创,高达创形者,36.5万追番
2018,原创,RErideD-穿越时空的德理达,28.1万追番
2018,原创,音乐少女,20万追番
2018,原创,米奇妙妙屋 第2季 中文配音,18.9万追番
2018,原创,打工小哥,10.9万追番
2018,原创,能继续奔跑下去真是太好了。,10万追番
2018,原创,偶像大师灰姑娘剧场 第三季（TV版）,9.5万追番
2018,原创,重神机潘多拉（中配）,8.2万追番
2018,原创,美妙☆频道,8万追番
2018,原创,比宇宙更远的地方,176.3万追番
2018,原创,多田君不恋爱,132.8万追番
2018,原创,One Room 第二季,122.2万追番
2018,原创,天狼 Sirius the Jaeger,121.2万追番
2018,原创,少女☆歌剧 Revue Starlight,91.8万追番
2018,原创,刀使巫女,78.3万追番
2018,原创,剧场版 K Seven Stories,75万追番
2018,原创,假面骑士时王,51.4万追番
2018,原创,三丽鸥男子,47.9万追番
2018,原创,重神机潘多拉,43.8万追番
2018,原创,LOST SONG 失落的歌谣,41.8万追番
2018,原创,高达创形者,36.5万追番
2018,原创,RErideD-穿越时空的德理达,28.1万追番
2018,原创,音乐少女,20万追番
2018,原创,米奇妙妙屋 第2季 中文配音,18.9万追番
2018,原创,打工小哥,10.9万追番
2018,原创,能继续奔跑下去真是太好了。,10万追番
2018,原创,偶像大师灰姑娘剧场 第三季（TV版）,9.5万追番
2018,原创,重神机潘多拉（中配）,8.2万追番
2018,原创,美妙☆频道,8万追番
2018,漫画改,工作细胞,832.2万追番
2018,漫画改,JOJO的奇妙冒险 黄金之风,524.5万追番
2018,漫画改,碧蓝之海,518.8万追番
2018,漫画改,擅长捉弄的高木同学,376.7万追番
2018,漫画改,阿宅的恋爱真难,356.8万追番
2018,漫画改,魔卡少女樱 CLEAR CARD篇,314.7万追番
2018,漫画改,超能力女儿,307.7万追番
2018,漫画改,小木乃伊到我家,273.7万追番
2018,漫画改,齐木楠雄的灾难 第二季,264.7万追番
2018,漫画改,戒律的复活,227.2万追番
2018,漫画改,pop子和pipi美的日常,226.7万追番
2018,漫画改,终将成为你,217.3万追番
2018,漫画改,妖精森林的小不点,191.1万追番
2018,漫画改,邻家索菲,182.3万追番
2018,漫画改,爱吃拉面的小泉同学,157万追番
2018,漫画改,只要贝尔哲布布大小姐喜欢就好,141.5万追番
2018,漫画改,ReLIFE 完结篇,140.9万追番
2018,漫画改,敦君与女朋友,130.4万追番
2018,漫画改,Comic Girls,129.9万追番
2018,漫画改,刻刻,127.2万追番
2018,漫画改,工作细胞,832.2万追番
2018,漫画改,JOJO的奇妙冒险 黄金之风,524.5万追番
2018,漫画改,碧蓝之海,518.8万追番
2018,漫画改,擅长捉弄的高木同学,376.7万追番
2018,漫画改,阿宅的恋爱真难,356.8万追番
2018,漫画改,魔卡少女樱 CLEAR CARD篇,314.7万追番
2018,漫画改,超能力女儿,307.7万追番
2018,漫画改,小木乃伊到我家,273.7万追番
2018,漫画改,齐木楠雄的灾难 第二季,264.7万追番
2018,漫画改,戒律的复活,227.2万追番
2018,漫画改,pop子和pipi美的日常,226.7万追番
2018,漫画改,终将成为你,217.3万追番
2018,漫画改,妖精森林的小不点,191.1万追番
2018,漫画改,邻家索菲,182.3万追番
2018,漫画改,爱吃拉面的小泉同学,157万追番
2018,漫画改,只要贝尔哲布布大小姐喜欢就好,141.5万追番
2018,漫画改,ReLIFE 完结篇,140.9万追番
2018,漫画改,敦君与女朋友,130.4万追番
2018,漫画改,Comic Girls,129.9万追番
2018,漫画改,刻刻,127.2万追番
2018,漫画改,工作细胞,832.2万追番
2018,漫画改,JOJO的奇妙冒险 黄金之风,524.5万追番
2018,漫画改,碧蓝之海,518.8万追番
2018,漫画改,擅长捉弄的高木同学,376.7万追番
2018,漫画改,阿宅的恋爱真难,356.8万追番
2018,漫画改,魔卡少女樱 CLEAR CARD篇,314.7万追番
2018,漫画改,超能力女儿,307.7万追番
2018,漫画改,小木乃伊到我家,273.7万追番
2018,漫画改,齐木楠雄的灾难 第二季,264.7万追番
2018,漫画改,戒律的复活,227.2万追番
2018,漫画改,pop子和pipi美的日常,226.7万追番
2018,漫画改,终将成为你,217.3万追番
2018,漫画改,妖精森林的小不点,191.1万追番
2018,漫画改,邻家索菲,182.3万追番
2018,漫画改,爱吃拉面的小泉同学,157万追番
2018,漫画改,只要贝尔哲布布大小姐喜欢就好,141.5万追番
2018,漫画改,ReLIFE 完结篇,140.9万追番
2018,漫画改,敦君与女朋友,130.4万追番
2018,漫画改,Comic Girls,129.9万追番
2018,漫画改,刻刻,127.2万追番
2018,小说改,紫罗兰永恒花园,907.1万追番
2018,小说改,青春猪头少年不会梦到兔女郎学姐,830.7万追番
2018,小说改,关于我转生变成史莱姆这档事,777.2万追番
2018,小说改,OVERLORD Ⅲ,576.5万追番
2018,小说改,OVERLORD Ⅱ,563.8万追番
2018,小说改,刀剑神域 Alicization,468.1万追番
2018,小说改,龙王的工作！,403.3万追番
2018,小说改,魔法禁书目录 第三季,323.9万追番
2018,小说改,强风吹拂,279.8万追番
2018,小说改,异界少女召唤术,178.4万追番
2018,小说改,弦音 -风舞高中弓道部-,153.2万追番
2018,小说改,剧场版 中二病也要谈恋爱！ -Take On Me-,148.1万追番
2018,小说改,Free!-Dive to the Future-,124.2万追番
2018,小说改,百炼霸王与圣约女武神,117.6万追番
2018,小说改,昴宿七星,88.7万追番
2018,小说改,皇帝圣印战记,76万追番
2018,小说改,异世界居酒屋～古都阿伊特力亚的居酒屋阿信～,61.2万追番
2018,小说改,全金属狂潮 Invisible Victory,55.7万追番
2018,小说改,付丧神出租中,48.9万追番
2018,小说改,OVERLORD Ⅲ SP,33.5万追番
2018,小说改,紫罗兰永恒花园,907.1万追番
2018,小说改,青春猪头少年不会梦到兔女郎学姐,830.7万追番
2018,小说改,关于我转生变成史莱姆这档事,777.2万追番
2018,小说改,OVERLORD Ⅲ,576.5万追番
2018,小说改,OVERLORD Ⅱ,563.8万追番
2018,小说改,刀剑神域 Alicization,468.1万追番
2018,小说改,龙王的工作！,403.3万追番
2018,小说改,魔法禁书目录 第三季,323.9万追番
2018,小说改,强风吹拂,279.8万追番
2018,小说改,异界少女召唤术,178.4万追番
2018,小说改,弦音 -风舞高中弓道部-,153.2万追番
2018,小说改,剧场版 中二病也要谈恋爱！ -Take On Me-,148.1万追番
2018,小说改,Free!-Dive to the Future-,124.2万追番
2018,小说改,百炼霸王与圣约女武神,117.6万追番
2018,小说改,昴宿七星,88.7万追番
2018,小说改,皇帝圣印战记,76万追番
2018,小说改,异世界居酒屋～古都阿伊特力亚的居酒屋阿信～,61.2万追番
2018,小说改,全金属狂潮 Invisible Victory,55.7万追番
2018,小说改,付丧神出租中,48.9万追番
2018,小说改,OVERLORD Ⅲ SP,33.5万追番
2018,游戏改,Angels of Death,550.5万追番
2018,游戏改,Fate/EXTRA Last Encore,322.8万追番
2018,游戏改,赛马娘,213.1万追番
2018,游戏改,ISLAND,181.2万追番
2018,游戏改,女神异闻录5 动画版,174.2万追番
2018,游戏改,Caligula 卡里古拉,91.8万追番
2018,游戏改,IDOLiSH7-偶像星愿-,65.9万追番
2018,游戏改,NEKOPARA EXTRA 小猫篇（猫娘乐园）,59万追番
2018,游戏改,冷然之天秤,52.8万追番
2018,游戏改,叛逆性百万亚瑟王,51.8万追番
2018,游戏改,逆转裁判 第二季,37.8万追番
2018,游戏改,LORD of VERMILION 红莲之王,35.5万追番
2018,游戏改,千枪士,22万追番
2018,游戏改,BanG Dream! 少女乐团派对☆PICO,22万追番
2018,游戏改,最终休止符～无止境的螺旋物语～,21.3万追番
2018,游戏改,梦王国与沉睡的100王子,20万追番
2018,游戏改,宝可梦 我们的故事,8.6万追番
2018,游戏改,未来卡 神搭档对战,1.9万追番
2018,特摄,罗布奥特曼,67.3万追番
2018,特摄,罗布奥特曼（中配）,60.7万追番
2018,特摄,假面骑士时王,51.4万追番
2018,特摄,假面骑士时王（中配）,4.7万追番
2018,布袋戏,Thunderbolt Fantasy 东离剑游纪2,1.8万追番
2018,热血,JOJO的奇妙冒险 黄金之风,524.5万追番
2018,热血,刀剑神域 Alicization,468.1万追番
2018,热血,魔法禁书目录 第三季,323.9万追番
2018,热血,强风吹拂,279.8万追番
2018,热血,戒律的复活,227.2万追番
2018,热血,Free!-Dive to the Future-,124.2万追番
2018,热血,Fate/kaleid liner 魔法少女☆伊莉雅：雪下的誓言,113.1万追番
2018,热血,罗布奥特曼,67.3万追番
2018,热血,罗布奥特曼（中配）,60.7万追番
2018,热血,魔偶马戏团,57万追番
2018,热血,假面骑士时王,51.4万追番
2018,热血,高达创形者,36.5万追番
2018,热血,火之丸相扑,20.8万追番
2018,热血,飙速宅男 GLORY LINE,13.6万追番
2018,热血,假面骑士时王（中配）,4.7万追番
2018,热血,奥特怪兽拟人化计划 怪兽娘 第二季,2.6万追番
2018,穿越,关于我转生变成史莱姆这档事,777.2万追番
2018,穿越,OVERLORD Ⅲ,576.5万追番
2018,穿越,OVERLORD Ⅱ,563.8万追番
2018,穿越,刀剑神域 Alicization,468.1万追番
2018,穿越,ISLAND,181.2万追番
2018,穿越,异界少女召唤术,178.4万追番
2018,穿越,百炼霸王与圣约女武神,117.6万追番
2018,穿越,Fate/kaleid liner 魔法少女☆伊莉雅：雪下的誓言,113.1万追番
2018,穿越,OVERLORD Ⅲ SP,33.5万追番
2018,穿越,Butlers～千年百年物语～,31.9万追番
2018,穿越,RErideD-穿越时空的德理达,28.1万追番
2018,奇幻,工作细胞,832.2万追番
2018,奇幻,青春猪头少年不会梦到兔女郎学姐,830.7万追番
2018,奇幻,关于我转生变成史莱姆这档事,777.2万追番
2018,奇幻,OVERLORD Ⅲ,576.5万追番
2018,奇幻,OVERLORD Ⅱ,563.8万追番
2018,奇幻,JOJO的奇妙冒险 黄金之风,524.5万追番
2018,奇幻,刀剑神域 Alicization,468.1万追番
2018,奇幻,魔法禁书目录 第三季,323.9万追番
2018,奇幻,Fate/EXTRA Last Encore,322.8万追番
2018,奇幻,超能力女儿,307.7万追番
2018,奇幻,齐木楠雄的灾难 第二季,264.7万追番
2018,奇幻,戒律的复活,227.2万追番
2018,奇幻,邪神与厨二病少女,219.2万追番
2018,奇幻,妖精森林的小不点,191.1万追番
2018,奇幻,邻家索菲,182.3万追番
2018,奇幻,异界少女召唤术,178.4万追番
2018,奇幻,女神异闻录5 动画版,174.2万追番
2018,奇幻,只要贝尔哲布布大小姐喜欢就好,141.5万追番
2018,奇幻,天狼 Sirius the Jaeger,121.2万追番
2018,奇幻,百炼霸王与圣约女武神,117.6万追番
2018,奇幻,工作细胞,832.2万追番
2018,奇幻,青春猪头少年不会梦到兔女郎学姐,830.7万追番
2018,奇幻,关于我转生变成史莱姆这档事,777.2万追番
2018,奇幻,OVERLORD Ⅲ,576.5万追番
2018,奇幻,OVERLORD Ⅱ,563.8万追番
2018,奇幻,JOJO的奇妙冒险 黄金之风,524.5万追番
2018,奇幻,刀剑神域 Alicization,468.1万追番
2018,奇幻,魔法禁书目录 第三季,323.9万追番
2018,奇幻,Fate/EXTRA Last Encore,322.8万追番
2018,奇幻,超能力女儿,307.7万追番
2018,奇幻,齐木楠雄的灾难 第二季,264.7万追番
2018,奇幻,戒律的复活,227.2万追番
2018,奇幻,邪神与厨二病少女,219.2万追番
2018,奇幻,妖精森林的小不点,191.1万追番
2018,奇幻,邻家索菲,182.3万追番
2018,奇幻,异界少女召唤术,178.4万追番
2018,奇幻,女神异闻录5 动画版,174.2万追番
2018,奇幻,只要贝尔哲布布大小姐喜欢就好,141.5万追番
2018,奇幻,天狼 Sirius the Jaeger,121.2万追番
2018,奇幻,百炼霸王与圣约女武神,117.6万追番
2018,奇幻,工作细胞,832.2万追番
2018,奇幻,青春猪头少年不会梦到兔女郎学姐,830.7万追番
2018,奇幻,关于我转生变成史莱姆这档事,777.2万追番
2018,奇幻,OVERLORD Ⅲ,576.5万追番
2018,奇幻,OVERLORD Ⅱ,563.8万追番
2018,奇幻,JOJO的奇妙冒险 黄金之风,524.5万追番
2018,奇幻,刀剑神域 Alicization,468.1万追番
2018,奇幻,魔法禁书目录 第三季,323.9万追番
2018,奇幻,Fate/EXTRA Last Encore,322.8万追番
2018,奇幻,超能力女儿,307.7万追番
2018,奇幻,齐木楠雄的灾难 第二季,264.7万追番
2018,奇幻,戒律的复活,227.2万追番
2018,奇幻,邪神与厨二病少女,219.2万追番
2018,奇幻,妖精森林的小不点,191.1万追番
2018,奇幻,邻家索菲,182.3万追番
2018,奇幻,异界少女召唤术,178.4万追番
2018,奇幻,女神异闻录5 动画版,174.2万追番
2018,奇幻,只要贝尔哲布布大小姐喜欢就好,141.5万追番
2018,奇幻,天狼 Sirius the Jaeger,121.2万追番
2018,奇幻,百炼霸王与圣约女武神,117.6万追番
2019,原创,CAROLE & TUESDAY,243.1万追番
2019,原创,小马宝莉 友谊的魔力 第九季,96.4万追番
2019,原创,revisions,78.6万追番
2019,原创,ENDRO~!,69.3万追番
2019,原创,小马宝莉 友谊的魔力 第九季 中文配音,59.6万追番
2019,原创,KEMURIKUSA,57.9万追番
2019,原创,歌舞伎町夏洛克,57.1万追番
2019,原创,星合之空,50万追番
2019,原创,假面骑士零一,46.9万追番
2019,原创,假面骑士 令和第一世代,46.4万追番
2019,原创,RobiHachi,45.1万追番
2019,原创,高达创形者 再起,40.6万追番
2019,原创,笑容的代价,40.4万追番
2019,原创,BanG Dream! 第二季,31.6万追番
2019,原创,歌塑世界,19.3万追番
2019,原创,B-PROJECT～绝顶＊Emotion～,18.6万追番
2019,原创,高校星歌剧 第三季,11.1万追番
2019,原创,BT21 UNIVERSE动画,10.7万追番
2019,原创,小猪佩奇 第七季,9.6万追番
2019,原创,小猪佩奇 第六季,8.9万追番
2019,原创,CAROLE & TUESDAY,243.1万追番
2019,原创,小马宝莉 友谊的魔力 第九季,96.4万追番
2019,原创,revisions,78.6万追番
2019,原创,ENDRO~!,69.3万追番
2019,原创,小马宝莉 友谊的魔力 第九季 中文配音,59.6万追番
2019,原创,KEMURIKUSA,57.9万追番
2019,原创,歌舞伎町夏洛克,57.1万追番
2019,原创,星合之空,50万追番
2019,原创,假面骑士零一,46.9万追番
2019,原创,假面骑士 令和第一世代,46.4万追番
2019,原创,RobiHachi,45.1万追番
2019,原创,高达创形者 再起,40.6万追番
2019,原创,笑容的代价,40.4万追番
2019,原创,BanG Dream! 第二季,31.6万追番
2019,原创,歌塑世界,19.3万追番
2019,原创,B-PROJECT～绝顶＊Emotion～,18.6万追番
2019,原创,高校星歌剧 第三季,11.1万追番
2019,原创,BT21 UNIVERSE动画,10.7万追番
2019,原创,小猪佩奇 第七季,9.6万追番
2019,原创,小猪佩奇 第六季,8.9万追番
2019,原创,CAROLE & TUESDAY,243.1万追番
2019,原创,小马宝莉 友谊的魔力 第九季,96.4万追番
2019,原创,revisions,78.6万追番
2019,原创,ENDRO~!,69.3万追番
2019,原创,小马宝莉 友谊的魔力 第九季 中文配音,59.6万追番
2019,原创,KEMURIKUSA,57.9万追番
2019,原创,歌舞伎町夏洛克,57.1万追番
2019,原创,星合之空,50万追番
2019,原创,假面骑士零一,46.9万追番
2019,原创,假面骑士 令和第一世代,46.4万追番
2019,原创,RobiHachi,45.1万追番
2019,原创,高达创形者 再起,40.6万追番
2019,原创,笑容的代价,40.4万追番
2019,原创,BanG Dream! 第二季,31.6万追番
2019,原创,歌塑世界,19.3万追番
2019,原创,B-PROJECT～绝顶＊Emotion～,18.6万追番
2019,原创,高校星歌剧 第三季,11.1万追番
2019,原创,BT21 UNIVERSE动画,10.7万追番
2019,原创,小猪佩奇 第七季,9.6万追番
2019,原创,小猪佩奇 第六季,8.9万追番
2019,漫画改,鬼灭之刃,1288.8万追番
2019,漫画改,辉夜大小姐想让我告白～天才们的恋爱头脑战～,824.1万追番
2019,漫画改,五等分的新娘,478万追番
2019,漫画改,天使降临到我身边,418.3万追番
2019,漫画改,约定的梦幻岛,371.4万追番
2019,漫画改,动物狂想曲 / BEASTARS,362.4万追番
2019,漫画改,Ｄｒ．ＳＴＯＮＥ 石纪元,359万追番
2019,小说改,青春猪头少年不会梦到怀梦美少女,526.4万追番
2019,小说改,这个勇者明明超强却过分慎重,523.3万追番
2019,小说改,盾之勇者成名录,518万追番
2019,小说改,刀剑神域 爱丽丝篇 异界战争,517.5万追番
2019,小说改,平凡职业造就世界最强,378.0万追番
2019,小说改,喜欢本大爷的竟然就你一个？,289万追番
2019,小说改,贤者之孙,272万追番
2019,小说改,约会大作战 第三季,262.2万追番
2019,小说改,我，不是说了能力要平均值么！,258.1万追番
2019,游戏改,命运-冠位指定 绝对魔兽战线 巴比伦尼亚,505万追番
2019,游戏改,碧蓝航线,185.8万追番
2019,游戏改,玛纳利亚的密友（Mysteria Friends）/巴哈姆特之怒/玛娜利亚魔法学院,112.4万追番
2019,游戏改,明治东京恋伽,76.5万追番
2019,游戏改,格林笔记 The Animation,66.2万追番
2019,游戏改,偶像梦幻祭,53.6万追番
2019,游戏改,在世界尽头咏唱恋曲的少女YU-NO,52.5万追番
2019,游戏改,梦幻之星 神谕篇,39.6万追番
2019,游戏改,异界群敌 代码重组,39.4万追番
2019,游戏改,募恋英雄,31.3万追番
2019,游戏改,消灭都市,30.9万追番
2019,游戏改,女神异闻录5 动画版 年末特别篇「前篇 / 后篇」,27.8万追番
2019,游戏改,环战公主 CIRCLET PRINCESS,24.6万追番
2019,游戏改,八月的棒球甜心,21.7万追番
2019,游戏改,叛逆性百万亚瑟王 第二季,18.9万追番
2019,特摄,泰迦奥特曼,68.7万追番
2019,特摄,泰迦奥特曼（中配）,61万追番
2019,特摄,假面骑士零一,46.9万追番
2019,特摄,假面骑士 令和第一世代,46.4万追番
2019,特摄,奥特银河格斗 新生代英雄,6万追番
2019,特摄,假面骑士零一（中配）,4.9万追番
2019,特摄,假面骑士 令和第一世代（中配）,4.8万追番
2019,特摄,剧场版 假面骑士时王 超越时间,2.3万追番
2019,特摄,奥特银河格斗 新生代英雄（中配）,1.3万追番
2019,特摄,剧场版 假面骑士时王 超越时间（中配）,3587追番
2019,热血,鬼灭之刃,1288.8万追番
2019,热血,多罗罗,469.4万追番
2019,热血,约定的梦幻岛,371.4万追番
2019,热血,Ｄｒ．ＳＴＯＮＥ 石纪元,359万追番
2019,热血,路人超能100 II(灵能百分百 第二季),329万追番
2019,热血,路人超能100 第一次灵能咨询所员工旅游～舒缓心灵的疗愈之旅~（OVA2）,326.9万追番
2019,热血,炎炎消防队,288万追番
2019,热血,诸神的逆鳞,221.8万追番
2019,热血,冰海战记,204万追番
2019,热血,泰迦奥特曼,68.7万追番
2019,热血,泰迦奥特曼（中配）,61万追番
2019,热血,花牌情缘 第三季,47.5万追番
2019,热血,假面骑士零一,46.9万追番
2019,热血,假面骑士 令和第一世代,46.4万追番
2019,热血,高达创形者 再起,40.6万追番
2019,热血,虚空魔境 第二季,37.1万追番
2019,热血,鬼灭之刃 兄妹之绊,28.2万追番
2019,热血,网球王子 BEST GAMES!!,10.1万追番
2019,热血,奥特银河格斗 新生代英雄,6万追番
2019,热血,假面骑士零一（中配）,4.9万追番
2019,热血,鬼灭之刃,1288.8万追番
2019,热血,多罗罗,469.4万追番
2019,热血,约定的梦幻岛,371.4万追番
2019,热血,Ｄｒ．ＳＴＯＮＥ 石纪元,359万追番
2019,热血,路人超能100 II(灵能百分百 第二季),329万追番
2019,热血,路人超能100 第一次灵能咨询所员工旅游～舒缓心灵的疗愈之旅~（OVA2）,326.9万追番
2019,热血,炎炎消防队,288万追番
2019,热血,诸神的逆鳞,221.8万追番
2019,热血,冰海战记,204万追番
2019,热血,泰迦奥特曼,68.7万追番
2019,热血,泰迦奥特曼（中配）,61万追番
2019,热血,花牌情缘 第三季,47.5万追番
2019,热血,假面骑士零一,46.9万追番
2019,热血,假面骑士 令和第一世代,46.4万追番
2019,热血,高达创形者 再起,40.6万追番
2019,热血,虚空魔境 第二季,37.1万追番
2019,热血,鬼灭之刃 兄妹之绊,28.2万追番
2019,热血,网球王子 BEST GAMES!!,10.1万追番
2019,热血,奥特银河格斗 新生代英雄,6万追番
2019,热血,假面骑士零一（中配）,4.9万追番
2019,穿越,青春猪头少年不会梦到怀梦美少女,526.4万追番
2019,穿越,这个勇者明明超强却过分慎重,523.3万追番
2019,穿越,盾之勇者成名录,518万追番
2019,穿越,刀剑神域 爱丽丝篇 异界战争,517.5万追番
2019,穿越,命运-冠位指定 绝对魔兽战线 巴比伦尼亚,505万追番
2019,穿越,平凡职业造就世界最强,378.0万追番
2019,穿越,贤者之孙,272万追番
2019,穿越,我，不是说了能力要平均值么！,258.1万追番
2019,穿越,重来吧，魔王大人！,234.9万追番
2019,穿越,实况主的逃脱游戏,192.9万追番
2019,穿越,Fate/kaleid liner 魔法少女☆伊莉雅 Prisma☆Phantasm,165.6万追番
2019,穿越,COP CRAFT,148万追番
2019,穿越,超人高中生们即便在异世界也能从容生存！,146.3万追番
2019,穿越,revisions,78.6万追番
2019,穿越,明治东京恋伽,76.5万追番
2019,穿越,爱书的下克上：为了成为图书管理员不择手段！,52.5万追番
2019,奇幻,鬼灭之刃,1288.8万追番
2019,奇幻,青春猪头少年不会梦到怀梦美少女,526.4万追番
2019,奇幻,这个勇者明明超强却过分慎重,523.3万追番
2019,奇幻,盾之勇者成名录,518万追番
2019,奇幻,命运-冠位指定 绝对魔兽战线 巴比伦尼亚,505万追番
2019,奇幻,多罗罗,469.4万追番
2020,原创,异度侵入 ID:INVADED,506.9万追番
2020,原创,全员恶玉,318.3万追番
2020,原创,成神之日,204.7万追番
2020,原创,半妖的夜叉姬,197.1万追番
2020,原创,没落要塞 / DECA-DENCE,188.9万追番
2020,原创,Love Live! 学园偶像 电影,169.9万追番
2020,原创,22/7,130.7万追番
2020,原创,知晓天空之蓝的人啊,123.9万追番
2020,原创,动物新世代 / BNA,119.9万追番
2020,原创,LoveLive! Sunshine!! 学园偶像 电影 彩虹彼端,116.9万追番
2020,原创,小马宝莉之魔力新世界 第一季,98万追番
2020,原创,突击莉莉 BOUQUET,90.5万追番
2020,原创,战翼的希格德莉法,61.6万追番
2020,原创,月歌。THE ANIMATION2,59.4万追番
2020,原创,宝石幻想 光芒重现,58.8万追番
2020,原创,BanG Dream! 梦想协奏曲 第三季,56万追番
2020,原创,高达创形者 再起 第二季,53.7万追番
2020,原创,假面骑士圣刃,51.7万追番
2020,原创,BanG Dream! 梦想协奏曲 电影演唱会,48.8万追番
2020,原创,猎魔武士/GIBIATE,47.8万追番
2020,原创,异度侵入 ID:INVADED,506.9万追番
2020,原创,全员恶玉,318.3万追番
2020,原创,成神之日,204.7万追番
2020,原创,半妖的夜叉姬,197.1万追番
2020,原创,没落要塞 / DECA-DENCE,188.9万追番
2020,原创,Love Live! 学园偶像 电影,169.9万追番
2020,原创,22/7,130.7万追番
2020,原创,知晓天空之蓝的人啊,123.9万追番
2020,原创,动物新世代 / BNA,119.9万追番
2020,原创,LoveLive! Sunshine!! 学园偶像 电影 彩虹彼端,116.9万追番
2020,原创,小马宝莉之魔力新世界 第一季,98万追番
2020,原创,突击莉莉 BOUQUET,90.5万追番
2020,原创,战翼的希格德莉法,61.6万追番
2020,原创,月歌。THE ANIMATION2,59.4万追番
2020,原创,宝石幻想 光芒重现,58.8万追番
2020,原创,BanG Dream! 梦想协奏曲 第三季,56万追番
2020,原创,高达创形者 再起 第二季,53.7万追番
2020,原创,假面骑士圣刃,51.7万追番
2020,原创,BanG Dream! 梦想协奏曲 电影演唱会,48.8万追番
2020,原创,猎魔武士/GIBIATE,47.8万追番
2020,原创,异度侵入 ID:INVADED,506.9万追番
2020,原创,全员恶玉,318.3万追番
2020,原创,成神之日,204.7万追番
2020,原创,半妖的夜叉姬,197.1万追番
2020,原创,没落要塞 / DECA-DENCE,188.9万追番
2020,原创,Love Live! 学园偶像 电影,169.9万追番
2020,原创,22/7,130.7万追番
2020,原创,知晓天空之蓝的人啊,123.9万追番
2020,原创,动物新世代 / BNA,119.9万追番
2020,原创,LoveLive! Sunshine!! 学园偶像 电影 彩虹彼端,116.9万追番
2020,原创,小马宝莉之魔力新世界 第一季,98万追番
2020,原创,突击莉莉 BOUQUET,90.5万追番
2020,原创,战翼的希格德莉法,61.6万追番
2020,原创,月歌。THE ANIMATION2,59.4万追番
2020,原创,宝石幻想 光芒重现,58.8万追番
2020,原创,BanG Dream! 梦想协奏曲 第三季,56万追番
2020,原创,高达创形者 再起 第二季,53.7万追番
2020,原创,假面骑士圣刃,51.7万追番
2020,原创,BanG Dream! 梦想协奏曲 电影演唱会,48.8万追番
2020,原创,猎魔武士/GIBIATE,47.8万追番
2020,漫画改,咒术回战,1291.7万追番
2020,漫画改,辉夜大小姐想让我告白？～天才们的恋爱头脑战～,790.2万追番
2020,漫画改,鬼灭之刃 中配版,758.6万追番
2020,漫画改,某科学的超电磁炮T,663.1万追番
2020,漫画改,总之就是非常可爱,573.3万追番
2020,漫画改,虚构推理,546.5万追番
2020,漫画改,地缚少年花子君,398.8万追番
2020,漫画改,齐木楠雄的灾难 始动篇,381.3万追番
2020,漫画改,理科生坠入情网，故尝试证明。,339.9万追番
2020,漫画改,在魔王城说晚安,316.3万追番
2020,漫画改,星掠者,284.2万追番
2020,漫画改,炎炎消防队 贰之章,280.6万追番
2020,漫画改,宇崎学妹想要玩！,268.6万追番
2020,漫画改,请问您今天要来点兔子吗？BLOOM,254.5万追番
2020,漫画改,我立于百万生命之上,233.5万追番
2020,漫画改,格莱普尼尔,222.1万追番
2020,漫画改,神之塔,215.2万追番
2020,漫画改,忧国的莫里亚蒂,213.3万追番
2020,漫画改,无能力者娜娜,211万追番
2020,漫画改,邪神与厨二病少女 第二季,191.1万追番
2020,漫画改,咒术回战,1291.7万追番
2020,漫画改,辉夜大小姐想让我告白？～天才们的恋爱头脑战～,790.2万追番
2020,漫画改,鬼灭之刃 中配版,758.6万追番
2020,漫画改,某科学的超电磁炮T,663.1万追番
2020,漫画改,总之就是非常可爱,573.3万追番
2020,漫画改,虚构推理,546.5万追番
2020,漫画改,地缚少年花子君,398.8万追番
2020,漫画改,齐木楠雄的灾难 始动篇,381.3万追番
2020,漫画改,理科生坠入情网，故尝试证明。,339.9万追番
2020,漫画改,在魔王城说晚安,316.3万追番
2020,漫画改,星掠者,284.2万追番
2020,漫画改,炎炎消防队 贰之章,280.6万追番
2020,漫画改,宇崎学妹想要玩！,268.6万追番
2020,漫画改,请问您今天要来点兔子吗？BLOOM,254.5万追番
2020,漫画改,我立于百万生命之上,233.5万追番
2020,漫画改,格莱普尼尔,222.1万追番
2020,漫画改,神之塔,215.2万追番
2020,漫画改,忧国的莫里亚蒂,213.3万追番
2020,漫画改,无能力者娜娜,211万追番
2020,漫画改,邪神与厨二病少女 第二季,191.1万追番
2020,漫画改,咒术回战,1291.7万追番
2020,漫画改,辉夜大小姐想让我告白？～天才们的恋爱头脑战～,790.2万追番
2020,漫画改,鬼灭之刃 中配版,758.6万追番
2020,漫画改,某科学的超电磁炮T,663.1万追番
2020,漫画改,总之就是非常可爱,573.3万追番
2020,漫画改,虚构推理,546.5万追番
2020,漫画改,地缚少年花子君,398.8万追番
2020,漫画改,齐木楠雄的灾难 始动篇,381.3万追番
2020,漫画改,理科生坠入情网，故尝试证明。,339.9万追番
2020,漫画改,在魔王城说晚安,316.3万追番
2020,漫画改,星掠者,284.2万追番
2020,漫画改,炎炎消防队 贰之章,280.6万追番
2020,漫画改,宇崎学妹想要玩！,268.6万追番
2020,漫画改,请问您今天要来点兔子吗？BLOOM,254.5万追番
2020,漫画改,我立于百万生命之上,233.5万追番
2020,漫画改,格莱普尼尔,222.1万追番
2020,漫画改,神之塔,215.2万追番
2020,漫画改,忧国的莫里亚蒂,213.3万追番
2020,漫画改,无能力者娜娜,211万追番
2020,漫画改,邪神与厨二病少女 第二季,191.1万追番
2020,小说改,Re：从零开始的异世界生活 第二季 前半,791.4万追番
2020,小说改,因为太怕痛就全点防御力了,674.4万追番
2020,小说改,Re：从零开始的异世界生活 新编集版,668.7万追番
2020,小说改,紫罗兰永恒花园外传：永远与自动手记人偶,626.4万追剧
2020,小说改,刀剑神域 爱丽丝篇 异界战争 -终章-,612.4万追番
2020,小说改,我的青春恋爱物语果然有问题。完,587.3万追番
2020,小说改,Re：从零开始的异世界生活 Memory Snow(雪之回忆),498.2万追番
2020,小说改,Re：从零开始的异世界生活 冰结之绊,495.7万追番
2020,小说改,约战狂三外传,453.7万追番
2020,小说改,魔女之旅,439.1万追番
2020,小说改,路人女主的养成方法 Fine,425.7万追番
2020,小说改,转生成为了只有乙女游戏破灭Flag的邪恶大小姐,369.1万追番
2020,小说改,在地下城寻求邂逅是否搞错了什么 第三季,262.5万追番
2020,小说改,你与我最后的战场，亦或是世界起始的圣战,245.0万追番
2020,小说改,熊熊勇闯异世界,163.5万追番
2020,小说改,被神捡到的男人,160.3万追番
2020,小说改,八男？别闹了！,139.3万追番
2020,小说改,无限系统树,135.7万追番
2020,小说改,宝石商人理查德的谜鉴定,132.9万追番
2020,小说改,吹响吧！上低音号～誓言的终章～,98.3万追番
2020,小说改,Re：从零开始的异世界生活 第二季 前半,791.4万追番
2020,小说改,因为太怕痛就全点防御力了,674.4万追番
2020,小说改,Re：从零开始的异世界生活 新编集版,668.7万追番
2020,小说改,紫罗兰永恒花园外传：永远与自动手记人偶,626.4万追剧
2020,小说改,刀剑神域 爱丽丝篇 异界战争 -终章-,612.4万追番
2020,小说改,我的青春恋爱物语果然有问题。完,587.3万追番
2020,小说改,Re：从零开始的异世界生活 Memory Snow(雪之回忆),498.2万追番
2020,小说改,Re：从零开始的异世界生活 冰结之绊,495.7万追番
2020,小说改,约战狂三外传,453.7万追番
2020,小说改,魔女之旅,439.1万追番
2020,小说改,路人女主的养成方法 Fine,425.7万追番
2020,小说改,转生成为了只有乙女游戏破灭Flag的邪恶大小姐,369.1万追番
2020,小说改,在地下城寻求邂逅是否搞错了什么 第三季,262.5万追番
2020,小说改,你与我最后的战场，亦或是世界起始的圣战,245.0万追番
2020,小说改,熊熊勇闯异世界,163.5万追番
2020,小说改,被神捡到的男人,160.3万追番
2020,小说改,八男？别闹了！,139.3万追番
2020,小说改,无限系统树,135.7万追番
2020,小说改,宝石商人理查德的谜鉴定,132.9万追番
2020,小说改,吹响吧！上低音号～誓言的终章～,98.3万追番
2020,游戏改,命运-冠位指定 -神圣圆桌领域卡美洛- 前篇 漂泊的银之臂,552.9万追番
2020,游戏改,公主连结Re:Dive,323.5万追番
2020,游戏改,魔法纪录 魔法少女小圆外传,179.9万追番
2020,游戏改,赛马娘四格,81.3万追番
2020,游戏改,文豪与炼金术师 ～审判的齿轮～,71.1万追番
2020,游戏改,IDOLiSH7-偶像星愿- Second BEAT!,60.3万追番
2020,游戏改,白猫计划 零之纪元,45.4万追番
2020,游戏改,社长，战斗时间到！,42.8万追番
2020,游戏改,新樱花大战,39.6万追番
2020,游戏改,影之诗,35.3万追番
2020,游戏改,光之战记－ZUERST－,34.9万追番
2020,游戏改,A3!满开剧团 秋组&冬组篇,27.2万追番
2020,游戏改,A3!满开剧团,23.6万追番
2020,特摄,泽塔奥特曼,103.8万追番
2020,特摄,假面骑士圣刃,51.7万追番
2020,特摄,泽塔奥特曼（中配）,37万追番
2020,特摄,奥特银河格斗 巨大阴谋,11.3万追番
2020,特摄,假面骑士圣刃（中配）,5.7万追番
2020,特摄,泰迦奥特曼剧场版 新生代之巅,3万追番
2020,特摄,奥特英雄传 赛罗与捷德,2.5万追番
2020,特摄,奥特银河格斗 巨大阴谋（中配）,1.9万追番
2020,特摄,假面骑士时王 下一刻 王权盖茨,1.8万追番
2020,特摄,泰迦奥特曼剧场版 新生代之巅（中配）,1.2万追番
2020,特摄,奥特英雄传 赛罗与捷德（中配）,1.2万追番
2020,特摄,假面骑士时王 下一刻 王权盖茨（中配）,3152追番
2020,热血,咒术回战,1291.7万追番
2020,热血,鬼灭之刃 中配版,758.6万追番
2020,热血,命运-冠位指定 -神圣圆桌领域卡美洛- 前篇 漂泊的银之臂,552.9万追番
2020,热血,炎炎消防队 贰之章,280.6万追番
2020,热血,泽塔奥特曼,103.8万追番
2020,热血,高达创形者 再起 第二季,53.7万追番
2020,热血,假面骑士圣刃,51.7万追番
2020,热血,聆听者 / LISTENERS,41.1万追番
2020,穿越,Re：从零开始的异世界生活 第二季 前半,791.4万追番
2020,穿越,因为太怕痛就全点防御力了,674.4万追番
2020,穿越,Re：从零开始的异世界生活 新编集版,668.7万追番
2020,穿越,刀剑神域 爱丽丝篇 异界战争 -终章-,612.4万追番
2020,穿越,Re：从零开始的异世界生活 Memory Snow(雪之回忆),498.2万追番
2020,穿越,转生成为了只有乙女游戏破灭Flag的邪恶大小姐,369.1万追番
2020,穿越,我立于百万生命之上,233.5万追番
2020,穿越,半妖的夜叉姬,197.1万追番
2020,穿越,熊熊勇闯异世界,163.5万追番
2020,穿越,被神捡到的男人,160.3万追番
2020,穿越,八男？别闹了！,139.3万追番
2020,穿越,无限系统树,135.7万追番
2020,穿越,知晓天空之蓝的人啊,123.9万追番
2020,穿越,织田肉桂信长,59.3万追番
2020,穿越,爱书的下克上：为了成为图书管理员不择手段！ 第二部,52.9万追番
2020,奇幻,咒术回战,1291.7万追番
2020,奇幻,Re：从零开始的异世界生活 第二季 前半,791.4万追番
2020,奇幻,鬼灭之刃 中配版,758.6万追番
2020,奇幻,因为太怕痛就全点防御力了,674.4万追番
2020,奇幻,Re：从零开始的异世界生活 新编集版,668.7万追番
2020,奇幻,刀剑神域 爱丽丝篇 异界战争 -终章-,612.4万追番
2020,奇幻,命运-冠位指定 -神圣圆桌领域卡美洛- 前篇 漂泊的银之臂,552.9万追番
2020,奇幻,虚构推理,546.5万追番
2020,奇幻,Re：从零开始的异世界生活 Memory Snow(雪之回忆),498.2万追番
2020,奇幻,Re：从零开始的异世界生活 冰结之绊,495.7万追番
2020,奇幻,魔女之旅,439.1万追番
2020,奇幻,地缚少年花子君,398.8万追番
2020,奇幻,天气之子,388.7万追剧
2020,奇幻,齐木楠雄的灾难 始动篇,381.3万追番
2020,奇幻,转生成为了只有乙女游戏破灭Flag的邪恶大小姐,369.1万追番
2020,奇幻,公主连结Re:Dive,323.5万追番
2020,奇幻,全员恶玉,318.3万追番
2020,奇幻,在魔王城说晚安,316.3万追番
2020,奇幻,星掠者,284.2万追番
2020,奇幻,在地下城寻求邂逅是否搞错了什么 第三季,262.5万追番
2020,奇幻,咒术回战,1291.7万追番
2020,奇幻,Re：从零开始的异世界生活 第二季 前半,791.4万追番
2020,奇幻,鬼灭之刃 中配版,758.6万追番
2020,奇幻,因为太怕痛就全点防御力了,674.4万追番
2020,奇幻,Re：从零开始的异世界生活 新编集版,668.7万追番
2020,奇幻,刀剑神域 爱丽丝篇 异界战争 -终章-,612.4万追番
2020,奇幻,命运-冠位指定 -神圣圆桌领域卡美洛- 前篇 漂泊的银之臂,552.9万追番
2020,奇幻,虚构推理,546.5万追番
2020,奇幻,Re：从零开始的异世界生活 Memory Snow(雪之回忆),498.2万追番
2020,奇幻,Re：从零开始的异世界生活 冰结之绊,495.7万追番
2020,奇幻,魔女之旅,439.1万追番
2020,奇幻,地缚少年花子君,398.8万追番
2020,奇幻,天气之子,388.7万追剧
2020,奇幻,齐木楠雄的灾难 始动篇,381.3万追番
2020,奇幻,转生成为了只有乙女游戏破灭Flag的邪恶大小姐,369.1万追番
2020,奇幻,公主连结Re:Dive,323.5万追番
2020,奇幻,全员恶玉,318.3万追番
2020,奇幻,在魔王城说晚安,316.3万追番
2020,奇幻,星掠者,284.2万追番
2020,奇幻,在地下城寻求邂逅是否搞错了什么 第三季,262.5万追番
2020,奇幻,咒术回战,1291.7万追番
2020,奇幻,Re：从零开始的异世界生活 第二季 前半,791.4万追番
2020,奇幻,鬼灭之刃 中配版,758.6万追番
2020,奇幻,因为太怕痛就全点防御力了,674.4万追番
2020,奇幻,Re：从零开始的异世界生活 新编集版,668.7万追番
2020,奇幻,刀剑神域 爱丽丝篇 异界战争 -终章-,612.4万追番
2020,奇幻,命运-冠位指定 -神圣圆桌领域卡美洛- 前篇 漂泊的银之臂,552.9万追番
2020,奇幻,虚构推理,546.5万追番
2020,奇幻,Re：从零开始的异世界生活 Memory Snow(雪之回忆),498.2万追番
2020,奇幻,Re：从零开始的异世界生活 冰结之绊,495.7万追番
2020,奇幻,魔女之旅,439.1万追番
2020,奇幻,地缚少年花子君,398.8万追番
2020,奇幻,天气之子,388.7万追剧
2020,奇幻,齐木楠雄的灾难 始动篇,381.3万追番
2020,奇幻,转生成为了只有乙女游戏破灭Flag的邪恶大小姐,369.1万追番
2020,奇幻,公主连结Re:Dive,323.5万追番
2020,奇幻,全员恶玉,318.3万追番
2020,奇幻,在魔王城说晚安,316.3万追番
2020,奇幻,星掠者,284.2万追番
2020,奇幻,在地下城寻求邂逅是否搞错了什么 第三季,262.5万追番
2021,原创,命运-冠位嘉年华,479.9万追番
2021,原创,宿命回响：命运节拍,345.4万追番
2021,原创,奇蛋物语 / WONDER EGG PRIORITY,277.9万追番
2021,原创,半妖的夜叉姬 第二季,272.4万追番
2021,原创,装甲重拳/MEGALOBOX 第二季,253万追番
2021,原创,无限滑板 / SK8 the Infinity,234.8万追番
2021,原创,SSSS.电光机王,187.6万追番
2021,原创,薇薇 -萤石眼之歌-,176.9万追番
2021,原创,佐贺偶像是传奇 卷土重来,152.9万追番
2021,原创,白沙的水族馆,136.7万追番
2021,原创,LoveLive 爱与演唱会!超级明星!!,130.7万追番
2021,原创,漂流少年,122.9万追番
2021,原创,奇巧出租车,104.1万追番
2021,漫画改,鬼灭之刃 无限列车篇,1341.6万追番
2021,漫画改,国王排名,899.6万追番
2021,漫画改,小林家的龙女仆 第二季,871.9万追番
2021,漫画改,关于我转生变成史莱姆这档事 转生史莱姆日记,839.2万追番
2021,漫画改,工作细胞 第二季,838万追番
2021,漫画改,堀与宫村,815.8万追番
2021,漫画改,JOJO的奇妙冒险 石之海,796.9万追番
2021,漫画改,夏目友人帐 唤石者与怪异的访客,568.3万追番
2021,漫画改,夏目友人帐 唤石者与怪异的访客（中配）,559.4万追番
2021,漫画改,岸边露伴 一动也不动,512.5万追番
2021,漫画改,致不灭的你,502.1万追番
2021,小说改,关于我转生变成史莱姆这档事 第二季,914.8万追番
2021,小说改,Re：从零开始的异世界生活 第二季 后半,867.4万追番
2021,小说改,紫罗兰永恒花园 剧场版,825.8万追剧
2021,小说改,转生成蜘蛛又怎样！,622.3万追番
2021,小说改,世界顶尖的暗杀者，转生为异世界贵族,518.2万追番
2021,小说改,转生成为了只有乙女游戏破灭Flag的邪恶大小姐 第二季,390.3万追番
2021,小说改,我被逐出队伍后过上慢生活,311.8万追番
2021,小说改,打了300年的史莱姆，不知不觉就练到了满级,306.5万追番
2021,小说改,月光下的异世界之旅,295.7万追番
2021,小说改,侦探已死,265.6万追番
2021,小说改,精灵幻想记,263.3万追番
2021,小说改,我们的重制人生,263.2万追番
2021,小说改,好比是最终迷宫前的少年到新手村生活一般的故事,260.7万追番
2021,小说改,弱势角色友崎君,224.7万追番
2021,小说改,世界尽头的圣骑士,212.7万追番
2021,小说改,异想食堂  / 异世界食堂 第二季,199.8万追番
2021,小说改,青梅竹马绝对不会输的恋爱喜剧,192.7万追番
2021,小说改,现实主义勇者的王国再建记,180.4万追番
2021,小说改,进化之实 踏上胜利的人生,171.9万追番
2021,小说改,记录的地平线 圆桌崩坏,165.9万追番
2021,小说改,关于我转生变成史莱姆这档事 第二季,914.8万追番
2021,小说改,Re：从零开始的异世界生活 第二季 后半,867.4万追番
2021,小说改,紫罗兰永恒花园 剧场版,825.8万追剧
2021,小说改,转生成蜘蛛又怎样！,622.3万追番
2021,小说改,世界顶尖的暗杀者，转生为异世界贵族,518.2万追番
2021,小说改,转生成为了只有乙女游戏破灭Flag的邪恶大小姐 第二季,390.3万追番
2021,小说改,我被逐出队伍后过上慢生活,311.8万追番
2021,小说改,打了300年的史莱姆，不知不觉就练到了满级,306.5万追番
2021,小说改,月光下的异世界之旅,295.7万追番
2021,小说改,侦探已死,265.6万追番
2021,小说改,精灵幻想记,263.3万追番
2021,小说改,我们的重制人生,263.2万追番
2021,小说改,好比是最终迷宫前的少年到新手村生活一般的故事,260.7万追番
2021,小说改,弱势角色友崎君,224.7万追番
2021,小说改,世界尽头的圣骑士,212.7万追番
2021,小说改,异想食堂  / 异世界食堂 第二季,199.8万追番
2021,小说改,青梅竹马绝对不会输的恋爱喜剧,192.7万追番
2021,小说改,现实主义勇者的王国再建记,180.4万追番
2021,小说改,进化之实 踏上胜利的人生,171.9万追番
2021,小说改,记录的地平线 圆桌崩坏,165.9万追番
2021,游戏改,命运-冠位指定 -神圣圆桌领域卡美洛- 后篇 圣骑士银之臂,548.3万追番
2021,特摄,SSSS.电光机王,187.6万追番
2021,特摄,机界战队全开者,20.4万追番
2021,特摄,圣刃＋全开者 超级英雄战记,1.4万追番
2021,热血,鬼灭之刃 无限列车篇,1341.6万追番
2021,热血,JOJO的奇妙冒险 石之海,796.9万追番
2021,热血,命运-冠位指定 -神圣圆桌领域卡美洛- 后篇 圣骑士银之臂,548.3万追番
2021,穿越,Re：从零开始的异世界生活 第二季 后半,867.4万追番
2021,穿越,关于我转生变成史莱姆这档事 转生史莱姆日记,839.2万追番
2021,穿越,转生成蜘蛛又怎样！,622.3万追番
2021,穿越,世界顶尖的暗杀者，转生为异世界贵族,518.2万追番
2021,穿越,转生成为了只有乙女游戏破灭Flag的邪恶大小姐 第二季,390.3万追番
2021,穿越,异世界迷宫黑心企业,342.9万追番
2021,穿越,打了300年的史莱姆，不知不觉就练到了满级,306.5万追番
2021,穿越,月光下的异世界之旅,295.7万追番
2021,穿越,精灵幻想记,263.3万追番
2021,穿越,我立于百万生命之上（第二季）,206.4万追番
2021,穿越,现实主义勇者的王国再建记,180.4万追番
2021,穿越,进化之实 踏上胜利的人生,171.9万追番
2021,穿越,记录的地平线 圆桌崩坏,165.9万追番
2021,穿越,圣女魔力无所不能,149.2万追番
2021,穿越,开挂药师的奇幻世界悠闲生活,100.8万追番
2021,奇幻,鬼灭之刃 无限列车篇,1341.6万追番
2021,奇幻,关于我转生变成史莱姆这档事 第二季,914.8万追番
2021,奇幻,国王排名,899.6万追番
2021,奇幻,Re：从零开始的异世界生活 第二季 后半,867.4万追番
2021,奇幻,关于我转生变成史莱姆这档事 转生史莱姆日记,839.2万追番
2021,奇幻,紫罗兰永恒花园 剧场版,825.8万追剧
2021,奇幻,JOJO的奇妙冒险 石之海,796.9万追番
2021,奇幻,转生成蜘蛛又怎样！,622.3万追番
2021,奇幻,夏目友人帐 唤石者与怪异的访客,568.3万追番
2021,奇幻,夏目友人帐 唤石者与怪异的访客（中配）,559.4万追番
2021,奇幻,命运-冠位指定 -神圣圆桌领域卡美洛- 后篇 圣骑士银之臂,548.3万追番
2021,奇幻,岸边露伴 一动也不动,512.5万追番
2021,奇幻,致不灭的你,502.1万追番
2021,奇幻,命运-冠位嘉年华,479.9万追番
2022,原创,莉可丽丝,239.5万追番
2022,原创,LoveLive 爱与演唱会!超级明星!! 第二季,121万追番
2022,原创,夏日幻魂,110.2万追番
2022,原创,环太平洋：黑色禁区 第二季,78.8万追番
2022,原创,四叠半时光机布鲁斯,77.4万追番
2022,原创,泡泡,40.5万追番
2022,原创,天线宝宝：梦想再出发 中文配音,39.8万追番
2022,原创,键等学园/键等 第二季,36万追番
2022,原创,机动战士高达：水星的魔女,35.8万追番
2022,原创,白领羽球部,35.6万追番
2022,原创,幕末替身传说,35.1万追番
2022,原创,天线宝宝：梦想再出发,31.9万追番
2022,原创,少女手工,24万追番
2022,原创,四色战记 冰雪帝国,22.9万追番
2022,原创,忍者一时,21.4万追番
2022,原创,室内足球少年!!!!!,16.5万追番
2022,原创,暴太郎战队咚兄弟,14.1万追番
2022,原创,特利迦奥特曼,10.8万追番
2022,原创,东京24区,10万追番
2022,原创,一杆青空,9万追番
2022,原创,莉可丽丝,239.5万追番
2022,原创,LoveLive 爱与演唱会!超级明星!! 第二季,121万追番
2022,原创,夏日幻魂,110.2万追番
2022,原创,环太平洋：黑色禁区 第二季,78.8万追番
2022,原创,四叠半时光机布鲁斯,77.4万追番
2022,原创,泡泡,40.5万追番
2022,原创,天线宝宝：梦想再出发 中文配音,39.8万追番
2022,原创,键等学园/键等 第二季,36万追番
2022,原创,机动战士高达：水星的魔女,35.8万追番
2022,原创,白领羽球部,35.6万追番
2022,原创,幕末替身传说,35.1万追番
2022,原创,天线宝宝：梦想再出发,31.9万追番
2022,原创,少女手工,24万追番
2022,原创,四色战记 冰雪帝国,22.9万追番
2022,原创,忍者一时,21.4万追番
2022,原创,室内足球少年!!!!!,16.5万追番
2022,原创,暴太郎战队咚兄弟,14.1万追番
2022,原创,特利迦奥特曼,10.8万追番
2022,原创,东京24区,10万追番
2022,原创,一杆青空,9万追番
2022,原创,莉可丽丝,239.5万追番
2022,原创,LoveLive 爱与演唱会!超级明星!! 第二季,121万追番
2022,原创,夏日幻魂,110.2万追番
2022,原创,环太平洋：黑色禁区 第二季,78.8万追番
2022,原创,四叠半时光机布鲁斯,77.4万追番
2022,原创,泡泡,40.5万追番
2022,原创,天线宝宝：梦想再出发 中文配音,39.8万追番
2022,原创,键等学园/键等 第二季,36万追番
2022,原创,机动战士高达：水星的魔女,35.8万追番
2022,原创,白领羽球部,35.6万追番
2022,原创,幕末替身传说,35.1万追番
2022,原创,天线宝宝：梦想再出发,31.9万追番
2022,原创,少女手工,24万追番
2022,原创,四色战记 冰雪帝国,22.9万追番
2022,原创,忍者一时,21.4万追番
2022,原创,室内足球少年!!!!!,16.5万追番
2022,原创,暴太郎战队咚兄弟,14.1万追番
2022,原创,特利迦奥特曼,10.8万追番
2022,原创,东京24区,10万追番
2022,原创,一杆青空,9万追番
2022,漫画改,鬼灭之刃 游郭篇,1414.2万追番
2022,漫画改,间谍过家家,1255.3万追番
2022,漫画改,间谍过家家 中配版,958.9万追番
2022,漫画改,辉夜大小姐想让我告白 -究极浪漫-,938.3万追番
2022,漫画改,间谍过家家 粤配版,912.9万追番
2022,漫画改,路人超能100 III(灵能百分百 第三季),543.2万追番
2022,漫画改,夏日重现,479万追番
2022,漫画改,Ｄｒ．ＳＴＯＮＥ 石纪元 特别篇：龙水,413万追番
2022,漫画改,入间同学入魔了 第三季,386.5万追番
2022,漫画改,孤独摇滚！,379.4万追番
2022,漫画改,测不准的阿波连同学,353.4万追番
2022,漫画改,擅长捉弄的高木同学 第三季,346.1万追番
2022,漫画改,理科生坠入情网，故尝试证明。 第二季,333.3万追番
2022,漫画改,式守同学不只可爱而已,241.5万追番
2022,漫画改,pop子和pipi美的日常 第二季,229.1万追番
2022,漫画改,ULTRAMAN 机动奥特曼 第二季,225.8万追番
2022,漫画改,ULTRAMAN 机动奥特曼 第二季（中配）,218万追番
2022,漫画改,奇幻世界舅舅,217.3万追番
2022,漫画改,与变成了异世界美少女的好友一起冒险,206.4万追番
2022,漫画改,街角魔族 第二季,193.6万追番
2022,漫画改,鬼灭之刃 游郭篇,1414.2万追番
2022,漫画改,间谍过家家,1255.3万追番
2022,漫画改,间谍过家家 中配版,958.9万追番
2022,漫画改,辉夜大小姐想让我告白 -究极浪漫-,938.3万追番
2022,漫画改,间谍过家家 粤配版,912.9万追番
2022,漫画改,路人超能100 III(灵能百分百 第三季),543.2万追番
2022,漫画改,夏日重现,479万追番
2022,漫画改,Ｄｒ．ＳＴＯＮＥ 石纪元 特别篇：龙水,413万追番
2022,漫画改,入间同学入魔了 第三季,386.5万追番
2022,漫画改,孤独摇滚！,379.4万追番
2022,漫画改,测不准的阿波连同学,353.4万追番
2022,漫画改,擅长捉弄的高木同学 第三季,346.1万追番
2022,漫画改,理科生坠入情网，故尝试证明。 第二季,333.3万追番
2022,漫画改,式守同学不只可爱而已,241.5万追番
2022,漫画改,pop子和pipi美的日常 第二季,229.1万追番
2022,漫画改,ULTRAMAN 机动奥特曼 第二季,225.8万追番
2022,漫画改,ULTRAMAN 机动奥特曼 第二季（中配）,218万追番
2022,漫画改,奇幻世界舅舅,217.3万追番
2022,漫画改,与变成了异世界美少女的好友一起冒险,206.4万追番
2022,漫画改,街角魔族 第二季,193.6万追番
2022,漫画改,鬼灭之刃 游郭篇,1414.2万追番
2022,漫画改,间谍过家家,1255.3万追番
2022,漫画改,间谍过家家 中配版,958.9万追番
2022,漫画改,辉夜大小姐想让我告白 -究极浪漫-,938.3万追番
2022,漫画改,间谍过家家 粤配版,912.9万追番
2022,漫画改,路人超能100 III(灵能百分百 第三季),543.2万追番
2022,漫画改,夏日重现,479万追番
2022,漫画改,Ｄｒ．ＳＴＯＮＥ 石纪元 特别篇：龙水,413万追番
2022,漫画改,入间同学入魔了 第三季,386.5万追番
2022,漫画改,孤独摇滚！,379.4万追番
2022,漫画改,测不准的阿波连同学,353.4万追番
2022,漫画改,擅长捉弄的高木同学 第三季,346.1万追番
2022,漫画改,理科生坠入情网，故尝试证明。 第二季,333.3万追番
2022,漫画改,式守同学不只可爱而已,241.5万追番
2022,漫画改,pop子和pipi美的日常 第二季,229.1万追番
2022,漫画改,ULTRAMAN 机动奥特曼 第二季,225.8万追番
2022,漫画改,ULTRAMAN 机动奥特曼 第二季（中配）,218万追番
2022,漫画改,奇幻世界舅舅,217.3万追番
2022,漫画改,与变成了异世界美少女的好友一起冒险,206.4万追番
2022,漫画改,街角魔族 第二季,193.6万追番
2022,漫画改,鬼灭之刃 游郭篇,1414.2万追番
2022,漫画改,间谍过家家,1255.3万追番
2022,漫画改,间谍过家家 中配版,958.9万追番
2022,漫画改,辉夜大小姐想让我告白 -究极浪漫-,938.3万追番
2022,漫画改,间谍过家家 粤配版,912.9万追番
2022,漫画改,路人超能100 III(灵能百分百 第三季),543.2万追番
2022,漫画改,夏日重现,479万追番
2022,漫画改,Ｄｒ．ＳＴＯＮＥ 石纪元 特别篇：龙水,413万追番
2022,漫画改,入间同学入魔了 第三季,386.5万追番
2022,漫画改,孤独摇滚！,379.4万追番
2022,漫画改,测不准的阿波连同学,353.4万追番
2022,漫画改,擅长捉弄的高木同学 第三季,346.1万追番
2022,漫画改,理科生坠入情网，故尝试证明。 第二季,333.3万追番
2022,漫画改,式守同学不只可爱而已,241.5万追番
2022,漫画改,pop子和pipi美的日常 第二季,229.1万追番
2022,漫画改,ULTRAMAN 机动奥特曼 第二季,225.8万追番
2022,漫画改,ULTRAMAN 机动奥特曼 第二季（中配）,218万追番
2022,漫画改,奇幻世界舅舅,217.3万追番
2022,漫画改,与变成了异世界美少女的好友一起冒险,206.4万追番
2022,漫画改,街角魔族 第二季,193.6万追番
2022,小说改,约会大作战 第四季,590.9万追番
2022,小说改,盾之勇者成名录 第二季,587.5万追番
2022,小说改,打工吧！魔王大人 第二季,295.5万追番
2022,小说改,天才王子的赤字国家振兴术,254.9万追番
2022,小说改,失格纹的最强贤者～世界最强的贤者为了变得更强而转生了～,182.2万追番
2022,小说改,恋爱游戏世界对路人角色很不友好,173.9万追番
2022,小说改,里亚德录大地,168.1万追番
2022,小说改,骸骨骑士大人奇幻世界冒险中,141.1万追番
2022,小说改,黑之召唤士,122.3万追番
2022,小说改,自称贤者弟子的贤者,120.2万追番
2022,小说改,史上最强大魔王转生为村民甲,96.5万追番
2022,小说改,处刑少女的生存之道,95.4万追番
2022,小说改,驯兽师被逐出队伍后邂逅最强少女,55.5万追番
2022,小说改,银河英雄传说：全新命题 策谋,53.5万追番
2022,小说改,书虫公主,52.6万追番
2022,小说改,银河英雄传说：全新命题 激战,46.9万追番
2022,小说改,新人炼金术师的店铺经营,37.7万追番
2022,小说改,魔法使黎明期,37.3万追番
2022,小说改,Love All Play热血羽毛球 / 羽球青春,22.8万追番
2022,游戏改,命运-冠位指定 冠位时间神殿所罗门,520.9万追番
2022,游戏改,公主连结 与你重逢 第二季,321万追番
2022,游戏改,少女前线,99.8万追番
2022,游戏改,传颂之物 二人的白皇,50.3万追番
2022,游戏改,指名！,43.3万追番
2022,游戏改,卡片战斗先导者will+Dress,32.2万追番
2022,游戏改,绽放的阿尔斯诺特利亚,26.6万追番
2022,游戏改,索尼克：回家大冒险,1.7万追番
2022,游戏改,索尼克：回家大冒险 中文配音,1.5万追番
2022,特摄,ULTRAMAN 机动奥特曼 第二季,225.8万追番
2022,特摄,ULTRAMAN 机动奥特曼 第二季（中配）,218万追番
2022,特摄,恋爱要在世界征服后,120万追番
2022,特摄,德凯奥特曼,56.6万追番
2022,特摄,暴太郎战队咚兄弟,14.1万追番
2022,特摄,特利迦奥特曼,10.8万追番
2022,特摄,德凯奥特曼（中配）,7.1万追番
2022,特摄,艾克斯奥特曼剧场版 来了！我们的奥特曼,5.9万追番
2022,特摄,银河奥特曼S剧场版 决战！奥特10勇士！！,5.4万追番
2022,特摄,捷德奥特曼剧场版 连接吧！心愿！！,3万追番
2022,特摄,罗布奥特曼剧场版 决定了！羁绊的水晶,2.7万追番
2022,特摄,奥特英雄传泽塔 英雄之路,2.6万追番
2022,特摄,特利迦奥特曼（中配）,2.5万追番
2022,特摄,银河奥特曼S剧场版 决战！奥特10勇士！！（中配）,1.6万追番
2022,特摄,艾克斯奥特曼剧场版 来了！我们的奥特曼（中配）,1.4万追番
2022,特摄,特利迦奥特曼 泽塔篇（中配）,1.4万追番
2022,特摄,暴太郎战队咚兄弟（中配）,9239追番
2022,特摄,捷德奥特曼剧场版 连接吧！心愿！！（中配）,7695追番
2022,特摄,奥特英雄传泽塔 英雄之路（中配）,7266追番
2022,特摄,罗布奥特曼剧场版 决定了！羁绊的水晶（中配）,6261追番
2022,特摄,ULTRAMAN 机动奥特曼 第二季,225.8万追番
2022,特摄,ULTRAMAN 机动奥特曼 第二季（中配）,218万追番
2022,特摄,恋爱要在世界征服后,120万追番
2022,特摄,德凯奥特曼,56.6万追番
2022,特摄,暴太郎战队咚兄弟,14.1万追番
2022,特摄,特利迦奥特曼,10.8万追番
2022,特摄,德凯奥特曼（中配）,7.1万追番
2022,特摄,艾克斯奥特曼剧场版 来了！我们的奥特曼,5.9万追番
2022,特摄,银河奥特曼S剧场版 决战！奥特10勇士！！,5.4万追番
2022,特摄,捷德奥特曼剧场版 连接吧！心愿！！,3万追番
2022,特摄,罗布奥特曼剧场版 决定了！羁绊的水晶,2.7万追番
2022,特摄,奥特英雄传泽塔 英雄之路,2.6万追番
2022,特摄,特利迦奥特曼（中配）,2.5万追番
2022,特摄,银河奥特曼S剧场版 决战！奥特10勇士！！（中配）,1.6万追番
2022,特摄,艾克斯奥特曼剧场版 来了！我们的奥特曼（中配）,1.4万追番
2022,特摄,特利迦奥特曼 泽塔篇（中配）,1.4万追番
2022,特摄,暴太郎战队咚兄弟（中配）,9239追番
2022,特摄,捷德奥特曼剧场版 连接吧！心愿！！（中配）,7695追番
2022,特摄,奥特英雄传泽塔 英雄之路（中配）,7266追番
2022,特摄,罗布奥特曼剧场版 决定了！羁绊的水晶（中配）,6261追番
2022,热血,鬼灭之刃 游郭篇,1414.2万追番
2022,热血,路人超能100 III(灵能百分百 第三季),543.2万追番
2022,热血,Ｄｒ．ＳＴＯＮＥ 石纪元 特别篇：龙水,413万追番
2022,热血,犬夜叉剧场版 穿越时空的思念,343.1万追番
2022,热血,蓝色监狱 / 蓝色禁区,165万追番
2022,热血,黑之召唤士,122.3万追番
2022,热血,德凯奥特曼,56.6万追番
2022,热血,东方少年 第二季,44.8万追番
2022,热血,东方少年,43.4万追番
2022,热血,泡泡,40.5万追番
2022,热血,青之芦苇,37.3万追番
2022,热血,白领羽球部,35.6万追番
2022,热血,幕末替身传说,35.1万追番
2022,热血,鬼灭之刃 无限列车篇 中配版,17.6万追番
2022,热血,暴太郎战队咚兄弟,14.1万追番
2022,热血,锈色铠甲 黎明,11.7万追番
2022,热血,特利迦奥特曼,10.8万追番
2022,热血,飙速宅男 突破极限,9.4万追番
2022,热血,奥特银河格斗 命运的冲突,8.4万追番
2022,热血,特利迦奥特曼 泽塔篇,8.2万追番
2022,热血,鬼灭之刃 游郭篇,1414.2万追番
2022,热血,路人超能100 III(灵能百分百 第三季),543.2万追番
2022,热血,Ｄｒ．ＳＴＯＮＥ 石纪元 特别篇：龙水,413万追番
2022,热血,犬夜叉剧场版 穿越时空的思念,343.1万追番
2022,热血,蓝色监狱 / 蓝色禁区,165万追番
2022,热血,黑之召唤士,122.3万追番
2022,热血,德凯奥特曼,56.6万追番
2022,热血,东方少年 第二季,44.8万追番
2022,热血,东方少年,43.4万追番
2022,热血,泡泡,40.5万追番
2022,热血,青之芦苇,37.3万追番
2022,热血,白领羽球部,35.6万追番
2022,热血,幕末替身传说,35.1万追番
2022,热血,鬼灭之刃 无限列车篇 中配版,17.6万追番
2022,热血,暴太郎战队咚兄弟,14.1万追番
2022,热血,锈色铠甲 黎明,11.7万追番
2022,热血,特利迦奥特曼,10.8万追番
2022,热血,飙速宅男 突破极限,9.4万追番
2022,热血,奥特银河格斗 命运的冲突,8.4万追番
2022,热血,特利迦奥特曼 泽塔篇,8.2万追番
2022,热血,鬼灭之刃 游郭篇,1414.2万追番
2022,热血,路人超能100 III(灵能百分百 第三季),543.2万追番
2022,热血,Ｄｒ．ＳＴＯＮＥ 石纪元 特别篇：龙水,413万追番
2022,热血,犬夜叉剧场版 穿越时空的思念,343.1万追番
2022,热血,蓝色监狱 / 蓝色禁区,165万追番
2022,热血,黑之召唤士,122.3万追番
2022,热血,德凯奥特曼,56.6万追番
2022,热血,东方少年 第二季,44.8万追番
2022,热血,东方少年,43.4万追番
2022,热血,泡泡,40.5万追番
2022,热血,青之芦苇,37.3万追番
2022,热血,白领羽球部,35.6万追番
2022,热血,幕末替身传说,35.1万追番
2022,热血,鬼灭之刃 无限列车篇 中配版,17.6万追番
2022,热血,暴太郎战队咚兄弟,14.1万追番
2022,热血,锈色铠甲 黎明,11.7万追番
2022,热血,特利迦奥特曼,10.8万追番
2022,热血,飙速宅男 突破极限,9.4万追番
2022,热血,奥特银河格斗 命运的冲突,8.4万追番
2022,热血,特利迦奥特曼 泽塔篇,8.2万追番
2022,穿越,盾之勇者成名录 第二季,587.5万追番
2022,穿越,打工吧！魔王大人 第二季,295.5万追番
2022,穿越,奇幻世界舅舅,217.3万追番
2022,穿越,里亚德录大地,168.1万追番
2022,奇幻,鬼灭之刃 游郭篇,1414.2万追番
2022,奇幻,约会大作战 第四季,590.9万追番
2022,奇幻,盾之勇者成名录 第二季,587.5万追番
2022,奇幻,路人超能100 III(灵能百分百 第三季),543.2万追番
2022,奇幻,命运-冠位指定 冠位时间神殿所罗门,520.9万追番
2022,奇幻,夏日重现,479万追番
2022,奇幻,入间同学入魔了 第三季,386.5万追番
2022,奇幻,公主连结 与你重逢 第二季,321万追番
2022,奇幻,打工吧！魔王大人 第二季,295.5万追番
2022,奇幻,天才王子的赤字国家振兴术,254.9万追番
2022,奇幻,ULTRAMAN 机动奥特曼 第二季,225.8万追番
2022,奇幻,ULTRAMAN 机动奥特曼 第二季（中配）,218万追番
2022,奇幻,奇幻世界舅舅,217.3万追番
2022,奇幻,与变成了异世界美少女的好友一起冒险,206.4万追番
2022,奇幻,街角魔族 第二季,193.6万追番
2022,奇幻,恋爱游戏世界对路人角色很不友好,173.9万追番
2022,奇幻,里亚德录大地,168.1万追番
2022,奇幻,骸骨骑士大人奇幻世界冒险中,141.1万追番
2022,奇幻,哆啦A梦 第四季,136.2万追番
2022,奇幻,黑之召唤士,122.3万追番
2022,奇幻,鬼灭之刃 游郭篇,1414.2万追番
2022,奇幻,约会大作战 第四季,590.9万追番
2022,奇幻,盾之勇者成名录 第二季,587.5万追番
2022,奇幻,路人超能100 III(灵能百分百 第三季),543.2万追番
2022,奇幻,命运-冠位指定 冠位时间神殿所罗门,520.9万追番
2022,奇幻,夏日重现,479万追番
2022,奇幻,入间同学入魔了 第三季,386.5万追番
2022,奇幻,公主连结 与你重逢 第二季,321万追番
2022,奇幻,打工吧！魔王大人 第二季,295.5万追番
2022,奇幻,天才王子的赤字国家振兴术,254.9万追番
2022,奇幻,ULTRAMAN 机动奥特曼 第二季,225.8万追番
2022,奇幻,ULTRAMAN 机动奥特曼 第二季（中配）,218万追番
2022,奇幻,奇幻世界舅舅,217.3万追番
2022,奇幻,与变成了异世界美少女的好友一起冒险,206.4万追番
2022,奇幻,街角魔族 第二季,193.6万追番
2022,奇幻,恋爱游戏世界对路人角色很不友好,173.9万追番
2022,奇幻,里亚德录大地,168.1万追番
2022,奇幻,骸骨骑士大人奇幻世界冒险中,141.1万追番
2022,奇幻,哆啦A梦 第四季,136.2万追番
2022,奇幻,黑之召唤士,122.3万追番
2022,奇幻,鬼灭之刃 游郭篇,1414.2万追番
2022,奇幻,约会大作战 第四季,590.9万追番
2022,奇幻,盾之勇者成名录 第二季,587.5万追番
2022,奇幻,路人超能100 III(灵能百分百 第三季),543.2万追番
2022,奇幻,命运-冠位指定 冠位时间神殿所罗门,520.9万追番
2022,奇幻,夏日重现,479万追番
2022,奇幻,入间同学入魔了 第三季,386.5万追番
2022,奇幻,公主连结 与你重逢 第二季,321万追番
2022,奇幻,打工吧！魔王大人 第二季,295.5万追番
2022,奇幻,天才王子的赤字国家振兴术,254.9万追番
2022,奇幻,ULTRAMAN 机动奥特曼 第二季,225.8万追番
2022,奇幻,ULTRAMAN 机动奥特曼 第二季（中配）,218万追番
2022,奇幻,奇幻世界舅舅,217.3万追番
2022,奇幻,与变成了异世界美少女的好友一起冒险,206.4万追番
2022,奇幻,街角魔族 第二季,193.6万追番
2022,奇幻,恋爱游戏世界对路人角色很不友好,173.9万追番
2022,奇幻,里亚德录大地,168.1万追番
2022,奇幻,骸骨骑士大人奇幻世界冒险中,141.1万追番
2022,奇幻,哆啦A梦 第四季,136.2万追番
2022,奇幻,黑之召唤士,122.3万追番
2023,原创,赛马娘 第三季,265.7万追番
2023,原创,布莱泽奥特曼,63.8万追番
2023,原创,德凯奥特曼最终章 前往旅途的彼岸,54万追番
2023,原创,阿鲁斯的巨兽,23.5万追番
2023,原创,大雪海的卡纳,20.2万追番
2023,原创,大雪海的卡纳 星之贤者,20.1万追番
2023,原创,德凯奥特曼最终章 前往旅途的彼岸（中配）,6.7万追番
2023,原创,布莱泽奥特曼（中配）,5.2万追番
2023,原创,PUI PUI 天竺鼠车车,4.5万追番
2023,原创,PUI PUI 天竺鼠车车 驾校篇,2.8万追番
2023,原创,漂流家园,2.2万追番
2023,原创,超技舞台,1.4万追番
2023,原创,托马斯和他的朋友们 第二十六季（上）（中文配音）,8406追番
2023,原创,托马斯和他的朋友们 第二十六季（上）,2998追番
2023,漫画改,鬼灭之刃 刀匠村篇,1570.6万追番
2023,漫画改,咒术回战 第二季,1279.7万追番
2023,漫画改,间谍过家家 第二季,1246.8万追番
2023,漫画改,辉夜大小姐想让我告白 剧场版,977万追番
2023,漫画改,国王排名 勇气的宝箱,868.9万追番
2023,漫画改,鬼灭之刃 游郭篇 中配版,760.4万追番
2023,漫画改,总之就是非常可爱 第二季,560.3万追番
2023,漫画改,虚构推理 第二季,548.4万追番
2023,漫画改,致不灭的你 第二季,480万追番
2023,漫画改,Ｄｒ．ＳＴＯＮＥ 石纪元 (第三季),446.2万追番
2023,漫画改,名侦探柯南：犯人犯泽先生,445.7万追番
2023,漫画改,文豪野犬 第五季,402.3万追番
2023,漫画改,文豪野犬 第四季,395.2万追番
2023,漫画改,葬送的芙莉莲,371万追番
2023,漫画改,擅长捉弄的高木同学 剧场版,357.6万追番
2023,漫画改,光之诅咒者,296.9万追番
2023,漫画改,ULTRAMAN 机动奥特曼 终章,225.6万追番
2023,漫画改,ULTRAMAN 机动奥特曼 终章（中配）,214.5万追番
2023,漫画改,冰海战记 第二季,193.6万追番
2023,漫画改,跃动青春,190.4万追番
2023,漫画改,鬼灭之刃 刀匠村篇,1570.6万追番
2023,漫画改,咒术回战 第二季,1279.7万追番
2023,漫画改,间谍过家家 第二季,1246.8万追番
2023,漫画改,辉夜大小姐想让我告白 剧场版,977万追番
2023,漫画改,国王排名 勇气的宝箱,868.9万追番
2023,漫画改,鬼灭之刃 游郭篇 中配版,760.4万追番
2023,漫画改,总之就是非常可爱 第二季,560.3万追番
2023,漫画改,虚构推理 第二季,548.4万追番
2023,漫画改,致不灭的你 第二季,480万追番
2023,漫画改,Ｄｒ．ＳＴＯＮＥ 石纪元 (第三季),446.2万追番
2023,漫画改,名侦探柯南：犯人犯泽先生,445.7万追番
2023,漫画改,文豪野犬 第五季,402.3万追番
2023,漫画改,文豪野犬 第四季,395.2万追番
2023,漫画改,葬送的芙莉莲,371万追番
2023,漫画改,擅长捉弄的高木同学 剧场版,357.6万追番
2023,漫画改,光之诅咒者,296.9万追番
2023,漫画改,ULTRAMAN 机动奥特曼 终章,225.6万追番
2023,漫画改,ULTRAMAN 机动奥特曼 终章（中配）,214.5万追番
2023,漫画改,冰海战记 第二季,193.6万追番
2023,漫画改,跃动青春,190.4万追番
2023,漫画改,鬼灭之刃 刀匠村篇,1570.6万追番
2023,漫画改,咒术回战 第二季,1279.7万追番
2023,漫画改,间谍过家家 第二季,1246.8万追番
2023,漫画改,辉夜大小姐想让我告白 剧场版,977万追番
2023,漫画改,国王排名 勇气的宝箱,868.9万追番
2023,漫画改,鬼灭之刃 游郭篇 中配版,760.4万追番
2023,漫画改,总之就是非常可爱 第二季,560.3万追番
2023,漫画改,虚构推理 第二季,548.4万追番
2023,漫画改,致不灭的你 第二季,480万追番
2023,漫画改,Ｄｒ．ＳＴＯＮＥ 石纪元 (第三季),446.2万追番
2023,漫画改,名侦探柯南：犯人犯泽先生,445.7万追番
2023,漫画改,文豪野犬 第五季,402.3万追番
2023,漫画改,文豪野犬 第四季,395.2万追番
2023,漫画改,葬送的芙莉莲,371万追番
2023,漫画改,擅长捉弄的高木同学 剧场版,357.6万追番
2023,漫画改,光之诅咒者,296.9万追番
2023,漫画改,ULTRAMAN 机动奥特曼 终章,225.6万追番
2023,漫画改,ULTRAMAN 机动奥特曼 终章（中配）,214.5万追番
2023,漫画改,冰海战记 第二季,193.6万追番
2023,漫画改,跃动青春,190.4万追番
2023,小说改,因为太怕痛就全点防御力了 第二季,702.3万追番
2023,小说改,盾之勇者成名录 第三季,611.4万追番
2023,小说改,特别篇 吹响吧！上低音号～合奏比赛～,206.6万追番
2023,小说改,真・进化之实 踏上胜利的人生,169.3万追番
2023,小说改,圣女魔力无所不能 第二季,147.3万追番
2023,小说改,弦音 -连结的一射-,140.6万追番
2023,小说改,为美好的世界献上爆焰！,113.2万追番
2023,小说改,超常技能开启奇幻世界美食之旅,75.5万追番
2023,小说改,反派大小姐莉泽洛特与实况解说,69.7万追番
2023,小说改,我的幸福婚姻,68.7万追番
2023,小说改,命运-奇异赝品 黎明低语,61.4万追番
2023,小说改,邻家的天使同学,49.4万追番
2023,小说改,主宰七魔剑,39.6万追番
2023,小说改,砂糖苹果童话故事 银砂糖师与黑妖精,31.6万追番
2023,小说改,捡到退婚大小姐的我，教她幸福的事,31.3万追番
2023,小说改,冰剑的魔术师将要统一世界,17.8万追番
2023,小说改,冒险者女儿到大都市当了S级冒险者,16.6万追番
2023,小说改,超常技能开启奇幻世界美食之旅（中配版）,1.6万追番
2023,游戏改,赛马娘 巅峰之路,251.5万追番
2023,游戏改,宝可梦 旅途 第一季（中配）,155.4万追番
2023,游戏改,尼尔：自动人形,57.5万追番
2023,游戏改,莱莎的炼金工房～常暗女王与秘密藏身处～,28.1万追番
2023,游戏改,英雄传说：闪之轨迹,21万追番
2023,特摄,布莱泽奥特曼,63.8万追番
2023,特摄,德凯奥特曼最终章 前往旅途的彼岸,54万追番
2023,特摄,假面骑士 极狐,46.6万追番
2023,特摄,兽电战队强龙者,13.8万追番
2023,特摄,雷古洛思奥特曼,11.9万追番
2023,特摄,德凯奥特曼最终章 前往旅途的彼岸（中配）,6.7万追番
2023,特摄,布莱泽奥特曼（中配）,5.2万追番
2023,特摄,梦比优斯奥特曼&奥特兄弟,4.7万追番
2023,特摄,假面骑士 极狐（中配）,4.5万追番
2023,特摄,欧布奥特曼剧场版 赐予我羁绊之力吧！,2.1万追番
2023,特摄,梦比优斯奥特曼外传 复活的恶灵,1.9万追番
2023,特摄,兽电战队强龙者（中配）,1.2万追番
2023,特摄,雷古洛思奥特曼（中配）,1.2万追番
2023,特摄,梦比优斯奥特曼&奥特兄弟（中配）,1.1万追番
2023,特摄,欧布奥特曼剧场版 赐予我羁绊之力吧！（中配）,7832追番
2023,特摄,梦比优斯奥特曼外传 复活的恶灵（中配）,5970追番
2023,热血,鬼灭之刃 刀匠村篇,1570.6万追番
2023,热血,咒术回战 第二季,1279.7万追番
2023,热血,鬼灭之刃 游郭篇 中配版,760.4万追番
2023,热血,Ｄｒ．ＳＴＯＮＥ 石纪元 (第三季),446.2万追番
2023,热血,文豪野犬 第四季,395.2万追番
2023,热血,光之诅咒者,296.9万追番
2023,热血,赛马娘 第三季,265.7万追番
2023,热血,ULTRAMAN 机动奥特曼 终章,225.6万追番
2023,热血,ULTRAMAN 机动奥特曼 终章（中配）,214.5万追番
2023,热血,冰海战记 第二季,193.6万追番
2023,热血,物理魔法使-马修-,167.7万追番
2023,热血,宝可梦 旅途 第一季（中配）,155.4万追番
2023,热血,香格里拉边境,143.2万追番
2023,热血,浪客剑心 -明治剑客浪漫谭-（新作）,107万追番
2023,热血,物之古物奇谭,64.8万追番
2023,热血,布莱泽奥特曼,63.8万追番
2023,热血,德凯奥特曼最终章 前往旅途的彼岸,54万追番
2023,热血,被解雇的暗黑士兵慢生活的第二人生,51.5万追番
2023,热血,假面骑士 极狐,46.6万追番
2023,热血,英雄传说：闪之轨迹,21万追番
2023,热血,鬼灭之刃 刀匠村篇,1570.6万追番
2023,热血,咒术回战 第二季,1279.7万追番
2023,热血,鬼灭之刃 游郭篇 中配版,760.4万追番
2023,热血,Ｄｒ．ＳＴＯＮＥ 石纪元 (第三季),446.2万追番
2023,热血,文豪野犬 第四季,395.2万追番
2023,热血,光之诅咒者,296.9万追番
2023,热血,赛马娘 第三季,265.7万追番
2023,热血,ULTRAMAN 机动奥特曼 终章,225.6万追番
2023,热血,ULTRAMAN 机动奥特曼 终章（中配）,214.5万追番
2023,热血,冰海战记 第二季,193.6万追番
2023,热血,物理魔法使-马修-,167.7万追番
2023,热血,宝可梦 旅途 第一季（中配）,155.4万追番
2023,热血,香格里拉边境,143.2万追番
2023,热血,浪客剑心 -明治剑客浪漫谭-（新作）,107万追番
2023,热血,物之古物奇谭,64.8万追番
2023,热血,布莱泽奥特曼,63.8万追番
2023,热血,德凯奥特曼最终章 前往旅途的彼岸,54万追番
2023,热血,被解雇的暗黑士兵慢生活的第二人生,51.5万追番
2023,热血,假面骑士 极狐,46.6万追番
2023,热血,英雄传说：闪之轨迹,21万追番
2023,穿越,因为太怕痛就全点防御力了 第二季,702.3万追番
2023,穿越,盾之勇者成名录 第三季,611.4万追番
2023,穿越,真・进化之实 踏上胜利的人生,169.3万追番
2023,穿越,超常技能开启奇幻世界美食之旅,75.5万追番
2023,穿越,超常技能开启奇幻世界美食之旅（中配版）,1.6万追番
2023,奇幻,鬼灭之刃 刀匠村篇,1570.6万追番
2023,奇幻,咒术回战 第二季,1279.7万追番
2023,奇幻,国王排名 勇气的宝箱,868.9万追番
2023,奇幻,刀剑神域进击篇：无星之夜,818.7万追剧
2023,奇幻,鬼灭之刃 游郭篇 中配版,760.4万追番
2023,奇幻,因为太怕痛就全点防御力了 第二季,702.3万追番
2023,奇幻,盾之勇者成名录 第三季,611.4万追番
2023,奇幻,总之就是非常可爱 第二季,560.3万追番
2023,奇幻,虚构推理 第二季,548.4万追番
2023,奇幻,致不灭的你 第二季,480万追番
2023,奇幻,文豪野犬 第五季,402.3万追番
2023,奇幻,文豪野犬 第四季,395.2万追番
2023,奇幻,葬送的芙莉莲,371万追番
2023,奇幻,光之诅咒者,296.9万追番
2023,奇幻,真・进化之实 踏上胜利的人生,169.3万追番
2023,奇幻,物理魔法使-马修-,167.7万追番
2023,奇幻,圣女魔力无所不能 第二季,147.3万追番
2023,奇幻,香格里拉边境,143.2万追番
2023,奇幻,为美好的世界献上爆焰！,113.2万追番
2023,奇幻,白圣女与黑牧师,90.3万追番
2023,奇幻,鬼灭之刃 刀匠村篇,1570.6万追番
2023,奇幻,咒术回战 第二季,1279.7万追番
2023,奇幻,国王排名 勇气的宝箱,868.9万追番
2023,奇幻,刀剑神域进击篇：无星之夜,818.7万追剧
2023,奇幻,鬼灭之刃 游郭篇 中配版,760.4万追番
2023,奇幻,因为太怕痛就全点防御力了 第二季,702.3万追番
2023,奇幻,盾之勇者成名录 第三季,611.4万追番
2023,奇幻,总之就是非常可爱 第二季,560.3万追番
2023,奇幻,虚构推理 第二季,548.4万追番
2023,奇幻,致不灭的你 第二季,480万追番
2023,奇幻,文豪野犬 第五季,402.3万追番
2023,奇幻,文豪野犬 第四季,395.2万追番
2023,奇幻,葬送的芙莉莲,371万追番
2023,奇幻,光之诅咒者,296.9万追番
2023,奇幻,真・进化之实 踏上胜利的人生,169.3万追番
2023,奇幻,物理魔法使-马修-,167.7万追番
2023,奇幻,圣女魔力无所不能 第二季,147.3万追番
2023,奇幻,香格里拉边境,143.2万追番
2023,奇幻,为美好的世界献上爆焰！,113.2万追番
2023,奇幻,白圣女与黑牧师,90.3万追番
2023,奇幻,鬼灭之刃 刀匠村篇,1570.6万追番
2023,奇幻,咒术回战 第二季,1279.7万追番
2023,奇幻,国王排名 勇气的宝箱,868.9万追番
2023,奇幻,刀剑神域进击篇：无星之夜,818.7万追剧
2023,奇幻,鬼灭之刃 游郭篇 中配版,760.4万追番
2023,奇幻,因为太怕痛就全点防御力了 第二季,702.3万追番
2023,奇幻,盾之勇者成名录 第三季,611.4万追番
2023,奇幻,总之就是非常可爱 第二季,560.3万追番
2023,奇幻,虚构推理 第二季,548.4万追番
2023,奇幻,致不灭的你 第二季,480万追番
2023,奇幻,文豪野犬 第五季,402.3万追番
2023,奇幻,文豪野犬 第四季,395.2万追番
2023,奇幻,葬送的芙莉莲,371万追番
2023,奇幻,光之诅咒者,296.9万追番
2023,奇幻,真・进化之实 踏上胜利的人生,169.3万追番
2023,奇幻,物理魔法使-马修-,167.7万追番
2023,奇幻,圣女魔力无所不能 第二季,147.3万追番
2023,奇幻,香格里拉边境,143.2万追番
2023,奇幻,为美好的世界献上爆焰！,113.2万追番
2023,奇幻,白圣女与黑牧师,90.3万追番
